week_id,item_id,promo_mechanism_id_ty,promo_mechanism_id_ly,is_promo_ty,is_promo_ly,promo_price_ty,promo_price_ly,estimated_base_units,estimated_promo_units,incremental_units,promo_lift_pct,supplier_funding_rate,est_trade_spend,roi_estimate,overlap_feature_display
1,1001,0,0,0,0,12.97,12.97,9450,9450,0,0.0,0.0,0.0,0.0,0
2,1001,0,0,0,0,12.97,12.97,9000,9000,0,0.0,0.0,0.0,0.0,0
3,1001,3,0,1,0,12.97,12.97,8820,11025,2205,25.0,0.05,7149.71,1.12,0
4,1001,0,1,0,1,12.97,11.67,8550,8550,0,0.0,0.0,0.0,0.0,0
5,1001,1,3,1,1,11.67,12.97,8370,9626,1256,15.0,0.1,12484.92,0.365,0
6,1001,0,1,0,1,12.97,11.67,8280,8280,0,0.0,0.0,0.0,0.0,0
7,1001,3,0,1,0,12.97,12.97,8460,10575,2115,25.0,0.05,6857.89,1.12,0
8,1001,0,0,0,0,12.97,12.97,8640,8640,0,0.0,0.0,0.0,0.0,0
9,1001,0,0,0,0,12.97,12.97,8820,8820,0,0.0,0.0,0.0,0.0,0
10,1001,0,0,0,0,12.97,12.97,9000,9000,0,0.0,0.0,0.0,0.0,0
11,1001,1,0,1,0,11.67,12.97,9180,10557,1377,15.0,0.1,13692.43,0.365,0
12,1001,0,0,0,0,12.97,12.97,9450,9450,0,0.0,0.0,0.0,0.0,0
13,1001,0,0,0,0,12.97,12.97,9720,9720,0,0.0,0.0,0.0,0.0,0
14,1001,0,0,0,0,12.97,12.97,9900,9900,0,0.0,0.0,0.0,0.0,0
15,1001,3,3,1,1,12.97,12.97,10080,12600,2520,25.0,0.05,8171.1,1.12,0
16,1001,0,1,0,1,12.97,11.67,9900,9900,0,0.0,0.0,0.0,0.0,0
17,1001,0,0,0,0,12.97,12.97,9720,9720,0,0.0,0.0,0.0,0.0,0
18,1001,0,0,0,0,12.97,12.97,9450,9450,0,0.0,0.0,0.0,0.0,0
19,1001,0,0,0,0,12.97,12.97,9270,9270,0,0.0,0.0,0.0,0.0,0
20,1001,0,0,0,0,12.97,12.97,9000,9000,0,0.0,0.0,0.0,0.0,0
21,1001,0,0,0,0,12.97,12.97,8730,8730,0,0.0,0.0,0.0,0.0,0
22,1001,0,1,0,1,12.97,11.67,8550,8550,0,0.0,0.0,0.0,0.0,0
23,1001,0,0,0,0,12.97,12.97,8370,8370,0,0.0,0.0,0.0,0.0,0
24,1001,0,0,0,0,12.97,12.97,8280,8280,0,0.0,0.0,0.0,0.0,0
25,1001,0,0,0,0,12.97,12.97,8550,8550,0,0.0,0.0,0.0,0.0,0
26,1001,0,1,0,1,12.97,11.67,8820,8820,0,0.0,0.0,0.0,0.0,0
27,1001,3,0,1,0,12.97,12.97,9000,11250,2250,25.0,0.05,7295.62,1.12,0
28,1001,0,0,0,0,12.97,12.97,9180,9180,0,0.0,0.0,0.0,0.0,0
29,1001,3,0,1,0,12.97,12.97,9450,11812,2362,25.0,0.05,7660.08,1.12,0
30,1001,0,1,0,1,12.97,11.67,9720,9720,0,0.0,0.0,0.0,0.0,0
31,1001,0,0,0,0,12.97,12.97,9900,9900,0,0.0,0.0,0.0,0.0,0
32,1001,0,0,0,0,12.97,12.97,10080,10080,0,0.0,0.0,0.0,0.0,0
33,1001,0,0,0,0,12.97,12.97,9900,9900,0,0.0,0.0,0.0,0.0,0
34,1001,0,0,0,0,12.97,12.97,9720,9720,0,0.0,0.0,0.0,0.0,0
35,1001,1,4,1,1,11.67,12.97,9450,10868,1418,15.0,0.1,14095.8,0.365,0
36,1001,2,0,1,0,11.67,12.97,9180,11934,2754,30.0,0.0,0.0,10001.426,0
37,1001,0,0,0,0,12.97,12.97,9000,9000,0,0.0,0.0,0.0,0.0,0
38,1001,0,4,0,1,12.97,12.97,8820,8820,0,0.0,0.0,0.0,0.0,0
39,1001,0,4,0,1,12.97,12.97,8730,8730,0,0.0,0.0,0.0,0.0,0
40,1001,3,0,1,0,12.97,12.97,8640,10800,2160,25.0,0.05,7003.8,1.12,0
41,1001,0,0,0,0,12.97,12.97,8820,8820,0,0.0,0.0,0.0,0.0,0
42,1001,0,0,0,0,12.97,12.97,9000,9000,0,0.0,0.0,0.0,0.0,0
43,1001,0,3,0,1,12.97,12.97,9180,9180,0,0.0,0.0,0.0,0.0,0
44,1001,0,1,0,1,12.97,11.67,9450,9450,0,0.0,0.0,0.0,0.0,0
45,1001,0,3,0,1,12.97,12.97,9900,9900,0,0.0,0.0,0.0,0.0,0
46,1001,4,0,1,0,12.97,12.97,10350,11592,1242,12.0,0.03,4510.45,1.0,0
47,1001,3,0,1,0,12.97,12.97,10800,13500,2700,25.0,0.05,8754.75,1.12,1
48,1001,0,0,0,0,12.97,12.97,10620,10620,0,0.0,0.0,0.0,0.0,0
49,1001,0,0,0,0,12.97,12.97,10350,10350,0,0.0,0.0,0.0,0.0,0
50,1001,3,0,1,0,12.97,12.97,9900,12375,2475,25.0,0.05,8025.19,1.12,0
51,1001,0,0,0,0,12.97,12.97,9720,9720,0,0.0,0.0,0.0,0.0,0
52,1001,0,0,0,0,12.97,12.97,9450,9450,0,0.0,0.0,0.0,0.0,0
1,1002,0,0,0,0,6.97,6.97,6300,6300,0,0.0,0.0,0.0,0.0,0
2,1002,0,1,0,1,6.97,6.27,6000,6000,0,0.0,0.0,0.0,0.0,0
3,1002,0,2,0,1,6.97,6.27,5880,5880,0,0.0,0.0,0.0,0.0,0
4,1002,0,0,0,0,6.97,6.97,5700,5700,0,0.0,0.0,0.0,0.0,0
5,1002,0,0,0,0,6.97,6.97,5580,5580,0,0.0,0.0,0.0,0.0,0
6,1002,0,0,0,0,6.97,6.97,5520,5520,0,0.0,0.0,0.0,0.0,0
7,1002,4,3,1,1,6.97,6.97,5640,6317,677,12.0,0.03,1320.88,1.0,0
8,1002,1,3,1,1,6.27,6.97,5760,6624,864,15.0,0.1,4616.93,0.365,0
9,1002,0,0,0,0,6.97,6.97,5880,5880,0,0.0,0.0,0.0,0.0,0
10,1002,1,0,1,0,6.27,6.97,6000,6900,900,15.0,0.1,4809.3,0.365,0
11,1002,0,2,0,1,6.97,6.27,6120,6120,0,0.0,0.0,0.0,0.0,0
12,1002,0,0,0,0,6.97,6.97,6300,6300,0,0.0,0.0,0.0,0.0,0
13,1002,0,0,0,0,6.97,6.97,6480,6480,0,0.0,0.0,0.0,0.0,0
14,1002,0,0,0,0,6.97,6.97,6600,6600,0,0.0,0.0,0.0,0.0,0
15,1002,0,0,0,0,6.97,6.97,6720,6720,0,0.0,0.0,0.0,0.0,0
16,1002,0,0,0,0,6.97,6.97,6600,6600,0,0.0,0.0,0.0,0.0,0
17,1002,0,0,0,0,6.97,6.97,6480,6480,0,0.0,0.0,0.0,0.0,0
18,1002,0,0,0,0,6.97,6.97,6300,6300,0,0.0,0.0,0.0,0.0,0
19,1002,0,0,0,0,6.97,6.97,6180,6180,0,0.0,0.0,0.0,0.0,0
20,1002,1,0,1,0,6.27,6.97,6000,6900,900,15.0,0.1,4809.3,0.365,0
21,1002,0,2,0,1,6.97,6.27,5820,5820,0,0.0,0.0,0.0,0.0,0
22,1002,0,0,0,0,6.97,6.97,5700,5700,0,0.0,0.0,0.0,0.0,0
23,1002,0,0,0,0,6.97,6.97,5580,5580,0,0.0,0.0,0.0,0.0,0
24,1002,1,0,1,0,6.27,6.97,5520,6348,828,15.0,0.1,4424.56,0.365,0
25,1002,0,0,0,0,6.97,6.97,5700,5700,0,0.0,0.0,0.0,0.0,0
26,1002,2,0,1,0,6.27,6.97,5880,7644,1764,30.0,0.0,0.0,3442.622,0
27,1002,0,0,0,0,6.97,6.97,6000,6000,0,0.0,0.0,0.0,0.0,0
28,1002,0,0,0,0,6.97,6.97,6120,6120,0,0.0,0.0,0.0,0.0,0
29,1002,0,0,0,0,6.97,6.97,6300,6300,0,0.0,0.0,0.0,0.0,0
30,1002,0,0,0,0,6.97,6.97,6480,6480,0,0.0,0.0,0.0,0.0,0
31,1002,0,0,0,0,6.97,6.97,6600,6600,0,0.0,0.0,0.0,0.0,0
32,1002,0,3,0,1,6.97,6.97,6720,6720,0,0.0,0.0,0.0,0.0,0
33,1002,1,0,1,0,6.27,6.97,6600,7590,990,15.0,0.1,5290.23,0.365,0
34,1002,0,0,0,0,6.97,6.97,6480,6480,0,0.0,0.0,0.0,0.0,0
35,1002,0,2,0,1,6.97,6.27,6300,6300,0,0.0,0.0,0.0,0.0,0
36,1002,0,0,0,0,6.97,6.97,6120,6120,0,0.0,0.0,0.0,0.0,0
37,1002,3,0,1,0,6.97,6.97,6000,7500,1500,25.0,0.05,2613.75,1.12,0
38,1002,0,1,0,1,6.97,6.27,5880,5880,0,0.0,0.0,0.0,0.0,0
39,1002,0,0,0,0,6.97,6.97,5820,5820,0,0.0,0.0,0.0,0.0,0
40,1002,0,0,0,0,6.97,6.97,5760,5760,0,0.0,0.0,0.0,0.0,0
41,1002,2,3,1,1,6.27,6.97,5880,7644,1764,30.0,0.0,0.0,3442.622,0
42,1002,0,0,0,0,6.97,6.97,6000,6000,0,0.0,0.0,0.0,0.0,0
43,1002,0,0,0,0,6.97,6.97,6120,6120,0,0.0,0.0,0.0,0.0,0
44,1002,0,1,0,1,6.97,6.27,6300,6300,0,0.0,0.0,0.0,0.0,0
45,1002,0,0,0,0,6.97,6.97,6600,6600,0,0.0,0.0,0.0,0.0,0
46,1002,0,0,0,0,6.97,6.97,6900,6900,0,0.0,0.0,0.0,0.0,0
47,1002,0,3,0,1,6.97,6.97,7200,7200,0,0.0,0.0,0.0,0.0,0
48,1002,0,1,0,1,6.97,6.27,7080,7080,0,0.0,0.0,0.0,0.0,0
49,1002,4,0,1,0,6.97,6.97,6900,7728,828,12.0,0.03,1615.92,1.0,0
50,1002,0,0,0,0,6.97,6.97,6600,6600,0,0.0,0.0,0.0,0.0,0
51,1002,0,0,0,0,6.97,6.97,6480,6480,0,0.0,0.0,0.0,0.0,0
52,1002,0,0,0,0,6.97,6.97,6300,6300,0,0.0,0.0,0.0,0.0,0
1,1003,0,0,0,0,8.97,8.97,4275,4275,0,0.0,0.0,0.0,0.0,0
2,1003,2,0,1,0,8.07,8.97,4365,5674,1309,30.0,0.0,0.0,3287.684,0
3,1003,3,0,1,0,8.97,8.97,4500,5625,1125,25.0,0.05,2522.81,1.12,0
4,1003,0,0,0,0,8.97,8.97,4590,4590,0,0.0,0.0,0.0,0.0,0
5,1003,3,0,1,0,8.97,8.97,4725,5906,1181,25.0,0.05,2648.84,1.12,0
6,1003,0,0,0,0,8.97,8.97,4860,4860,0,0.0,0.0,0.0,0.0,0
7,1003,4,0,1,0,8.97,8.97,4950,5544,594,12.0,0.03,1491.89,1.0,0
8,1003,0,0,0,0,8.97,8.97,5040,5040,0,0.0,0.0,0.0,0.0,0
9,1003,0,0,0,0,8.97,8.97,4950,4950,0,0.0,0.0,0.0,0.0,0
10,1003,1,3,1,1,8.07,8.97,4860,5589,729,15.0,0.1,5013.33,0.365,0
11,1003,0,3,0,1,8.97,8.97,4725,4725,0,0.0,0.0,0.0,0.0,0
12,1003,0,2,0,1,8.97,8.07,4590,4590,0,0.0,0.0,0.0,0.0,0
13,1003,0,0,0,0,8.97,8.97,4500,4500,0,0.0,0.0,0.0,0.0,0
14,1003,1,0,1,0,8.07,8.97,4410,5072,662,15.0,0.1,4549.58,0.365,0
15,1003,1,0,1,0,8.07,8.97,4365,5020,655,15.0,0.1,4502.94,0.365,0
16,1003,0,0,0,0,8.97,8.97,4410,4410,0,0.0,0.0,0.0,0.0,0
17,1003,0,0,0,0,8.97,8.97,4500,4500,0,0.0,0.0,0.0,0.0,0
18,1003,0,0,0,0,8.97,8.97,4590,4590,0,0.0,0.0,0.0,0.0,0
19,1003,0,0,0,0,8.97,8.97,4725,4725,0,0.0,0.0,0.0,0.0,0
20,1003,4,1,1,1,8.97,8.07,4860,5443,583,12.0,0.03,1464.71,1.0,0
21,1003,0,0,0,0,8.97,8.97,5040,5040,0,0.0,0.0,0.0,0.0,0
22,1003,0,0,0,0,8.97,8.97,5175,5175,0,0.0,0.0,0.0,0.0,0
23,1003,3,0,1,0,8.97,8.97,5310,6638,1328,25.0,0.05,2977.14,1.12,0
24,1003,0,1,0,1,8.97,8.07,5400,5400,0,0.0,0.0,0.0,0.0,0
25,1003,0,0,0,0,8.97,8.97,5310,5310,0,0.0,0.0,0.0,0.0,0
26,1003,0,0,0,0,8.97,8.97,5175,5175,0,0.0,0.0,0.0,0.0,0
27,1003,0,0,0,0,8.97,8.97,5040,5040,0,0.0,0.0,0.0,0.0,0
28,1003,0,0,0,0,8.97,8.97,4860,4860,0,0.0,0.0,0.0,0.0,0
29,1003,0,0,0,0,8.97,8.97,4725,4725,0,0.0,0.0,0.0,0.0,0
30,1003,0,0,0,0,8.97,8.97,4590,4590,0,0.0,0.0,0.0,0.0,0
31,1003,0,0,0,0,8.97,8.97,4500,4500,0,0.0,0.0,0.0,0.0,0
32,1003,3,0,1,0,8.97,8.97,4410,5512,1102,25.0,0.05,2472.13,1.12,0
33,1003,0,4,0,1,8.97,8.97,4320,4320,0,0.0,0.0,0.0,0.0,0
34,1003,0,0,0,0,8.97,8.97,4275,4275,0,0.0,0.0,0.0,0.0,0
35,1003,0,0,0,0,8.97,8.97,4230,4230,0,0.0,0.0,0.0,0.0,0
36,1003,0,0,0,0,8.97,8.97,4275,4275,0,0.0,0.0,0.0,0.0,0
37,1003,0,0,0,0,8.97,8.97,4365,4365,0,0.0,0.0,0.0,0.0,0
38,1003,1,0,1,0,8.07,8.97,4500,5175,675,15.0,0.1,4641.98,0.365,0
39,1003,1,0,1,0,8.07,8.97,4590,5278,688,15.0,0.1,4734.37,0.365,0
40,1003,0,1,0,1,8.97,8.07,4725,4725,0,0.0,0.0,0.0,0.0,0
41,1003,0,0,0,0,8.97,8.97,4860,4860,0,0.0,0.0,0.0,0.0,0
42,1003,0,0,0,0,8.97,8.97,4950,4950,0,0.0,0.0,0.0,0.0,0
43,1003,0,0,0,0,8.97,8.97,5040,5040,0,0.0,0.0,0.0,0.0,0
44,1003,0,0,0,0,8.97,8.97,4950,4950,0,0.0,0.0,0.0,0.0,0
45,1003,0,0,0,0,8.97,8.97,4860,4860,0,0.0,0.0,0.0,0.0,0
46,1003,1,1,1,1,8.07,8.07,4725,5434,709,15.0,0.1,4874.3,0.365,0
47,1003,0,0,0,0,8.97,8.97,4590,4590,0,0.0,0.0,0.0,0.0,0
48,1003,0,4,0,1,8.97,8.97,4725,4725,0,0.0,0.0,0.0,0.0,0
49,1003,0,0,0,0,8.97,8.97,4860,4860,0,0.0,0.0,0.0,0.0,0
50,1003,4,0,1,0,8.97,8.97,4725,5292,567,12.0,0.03,1424.08,1.0,0
51,1003,0,0,0,0,8.97,8.97,4590,4590,0,0.0,0.0,0.0,0.0,0
52,1003,0,3,0,1,8.97,8.97,4500,4500,0,0.0,0.0,0.0,0.0,0
1,1004,0,0,0,0,7.97,7.97,3325,3325,0,0.0,0.0,0.0,0.0,0
2,1004,0,0,0,0,7.97,7.97,3395,3395,0,0.0,0.0,0.0,0.0,0
3,1004,0,3,0,1,7.97,7.97,3500,3500,0,0.0,0.0,0.0,0.0,0
4,1004,0,0,0,0,7.97,7.97,3570,3570,0,0.0,0.0,0.0,0.0,0
5,1004,0,3,0,1,7.97,7.97,3675,3675,0,0.0,0.0,0.0,0.0,0
6,1004,0,1,0,1,7.97,7.17,3780,3780,0,0.0,0.0,0.0,0.0,0
7,1004,3,0,1,0,7.97,7.97,3850,4812,962,25.0,0.05,1917.58,1.12,0
8,1004,4,0,1,0,7.97,7.97,3920,4390,470,12.0,0.03,1049.65,0.999,0
9,1004,0,0,0,0,7.97,7.97,3850,3850,0,0.0,0.0,0.0,0.0,0
10,1004,0,0,0,0,7.97,7.97,3780,3780,0,0.0,0.0,0.0,0.0,0
11,1004,0,0,0,0,7.97,7.97,3675,3675,0,0.0,0.0,0.0,0.0,0
12,1004,0,4,0,1,7.97,7.97,3570,3570,0,0.0,0.0,0.0,0.0,0
13,1004,0,0,0,0,7.97,7.97,3500,3500,0,0.0,0.0,0.0,0.0,0
14,1004,0,0,0,0,7.97,7.97,3430,3430,0,0.0,0.0,0.0,0.0,0
15,1004,3,4,1,1,7.97,7.97,3395,4244,849,25.0,0.05,1691.23,1.12,0
16,1004,0,2,0,1,7.97,7.17,3430,3430,0,0.0,0.0,0.0,0.0,0
17,1004,0,0,0,0,7.97,7.97,3500,3500,0,0.0,0.0,0.0,0.0,0
18,1004,0,0,0,0,7.97,7.97,3570,3570,0,0.0,0.0,0.0,0.0,0
19,1004,2,0,1,0,7.17,7.97,3675,4778,1103,30.0,0.0,0.0,2461.455,0
20,1004,1,0,1,0,7.17,7.97,3780,4347,567,15.0,0.1,3464.56,0.365,0
21,1004,0,0,0,0,7.97,7.97,3920,3920,0,0.0,0.0,0.0,0.0,0
22,1004,3,0,1,0,7.97,7.97,4025,5031,1006,25.0,0.05,2004.85,1.12,0
23,1004,0,0,0,0,7.97,7.97,4130,4130,0,0.0,0.0,0.0,0.0,0
24,1004,0,0,0,0,7.97,7.97,4200,4200,0,0.0,0.0,0.0,0.0,0
25,1004,0,3,0,1,7.97,7.97,4130,4130,0,0.0,0.0,0.0,0.0,0
26,1004,0,4,0,1,7.97,7.97,4025,4025,0,0.0,0.0,0.0,0.0,0
27,1004,1,0,1,0,7.17,7.97,3920,4508,588,15.0,0.1,3592.88,0.365,0
28,1004,1,0,1,0,7.17,7.97,3780,4347,567,15.0,0.1,3464.56,0.365,0
29,1004,0,0,0,0,7.97,7.97,3675,3675,0,0.0,0.0,0.0,0.0,0
30,1004,0,0,0,0,7.97,7.97,3570,3570,0,0.0,0.0,0.0,0.0,0
31,1004,3,0,1,0,7.97,7.97,3500,4375,875,25.0,0.05,1743.44,1.12,0
32,1004,0,0,0,0,7.97,7.97,3430,3430,0,0.0,0.0,0.0,0.0,0
33,1004,4,0,1,0,7.97,7.97,3360,3763,403,12.0,0.03,899.73,1.0,0
34,1004,2,2,1,1,7.17,7.17,3325,4322,997,30.0,0.0,0.0,2224.905,0
35,1004,0,0,0,0,7.97,7.97,3290,3290,0,0.0,0.0,0.0,0.0,0
36,1004,0,0,0,0,7.97,7.97,3325,3325,0,0.0,0.0,0.0,0.0,0
37,1004,0,0,0,0,7.97,7.97,3395,3395,0,0.0,0.0,0.0,0.0,0
38,1004,1,1,1,1,7.17,7.17,3500,4025,525,15.0,0.1,3207.93,0.365,0
39,1004,0,0,0,0,7.97,7.97,3570,3570,0,0.0,0.0,0.0,0.0,0
40,1004,0,0,0,0,7.97,7.97,3675,3675,0,0.0,0.0,0.0,0.0,0
41,1004,0,0,0,0,7.97,7.97,3780,3780,0,0.0,0.0,0.0,0.0,0
42,1004,0,0,0,0,7.97,7.97,3850,3850,0,0.0,0.0,0.0,0.0,0
43,1004,0,0,0,0,7.97,7.97,3920,3920,0,0.0,0.0,0.0,0.0,0
44,1004,0,0,0,0,7.97,7.97,3850,3850,0,0.0,0.0,0.0,0.0,0
45,1004,0,0,0,0,7.97,7.97,3780,3780,0,0.0,0.0,0.0,0.0,0
46,1004,0,1,0,1,7.97,7.17,3675,3675,0,0.0,0.0,0.0,0.0,0
47,1004,1,0,1,0,7.17,7.97,3570,4106,536,15.0,0.1,3272.48,0.366,0
48,1004,3,0,1,0,7.97,7.97,3675,4594,919,25.0,0.05,1830.71,1.12,0
49,1004,0,0,0,0,7.97,7.97,3780,3780,0,0.0,0.0,0.0,0.0,0
50,1004,0,0,0,0,7.97,7.97,3675,3675,0,0.0,0.0,0.0,0.0,0
51,1004,4,0,1,0,7.97,7.97,3570,3998,428,12.0,0.03,955.92,0.999,0
52,1004,0,0,0,0,7.97,7.97,3500,3500,0,0.0,0.0,0.0,0.0,0
1,1005,0,0,0,0,5.97,5.97,2375,2375,0,0.0,0.0,0.0,0.0,0
2,1005,0,0,0,0,5.97,5.97,2425,2425,0,0.0,0.0,0.0,0.0,0
3,1005,0,0,0,0,5.97,5.97,2500,2500,0,0.0,0.0,0.0,0.0,0
4,1005,0,0,0,0,5.97,5.97,2550,2550,0,0.0,0.0,0.0,0.0,0
5,1005,1,0,1,0,5.37,5.97,2625,3019,394,15.0,0.1,1802.34,0.365,0
6,1005,0,1,0,1,5.97,5.37,2700,2700,0,0.0,0.0,0.0,0.0,0
7,1005,0,0,0,0,5.97,5.97,2750,2750,0,0.0,0.0,0.0,0.0,0
8,1005,0,0,0,0,5.97,5.97,2800,2800,0,0.0,0.0,0.0,0.0,0
9,1005,1,1,1,1,5.37,5.37,2750,3162,412,15.0,0.1,1887.71,0.365,0
10,1005,0,0,0,0,5.97,5.97,2700,2700,0,0.0,0.0,0.0,0.0,0
11,1005,2,0,1,0,5.37,5.97,2625,3412,787,30.0,0.0,0.0,1315.549,0
12,1005,1,0,1,0,5.37,5.97,2550,2932,382,15.0,0.1,1750.4,0.365,0
13,1005,1,0,1,0,5.37,5.97,2500,2875,375,15.0,0.1,1716.38,0.365,0
14,1005,0,0,0,0,5.97,5.97,2450,2450,0,0.0,0.0,0.0,0.0,0
15,1005,0,3,0,1,5.97,5.97,2425,2425,0,0.0,0.0,0.0,0.0,0
16,1005,0,0,0,0,5.97,5.97,2450,2450,0,0.0,0.0,0.0,0.0,0
17,1005,1,0,1,0,5.37,5.97,2500,2875,375,15.0,0.1,1716.38,0.365,0
18,1005,0,0,0,0,5.97,5.97,2550,2550,0,0.0,0.0,0.0,0.0,0
19,1005,0,0,0,0,5.97,5.97,2625,2625,0,0.0,0.0,0.0,0.0,0
20,1005,0,0,0,0,5.97,5.97,2700,2700,0,0.0,0.0,0.0,0.0,0
21,1005,0,0,0,0,5.97,5.97,2800,2800,0,0.0,0.0,0.0,0.0,0
22,1005,2,0,1,0,5.37,5.97,2875,3738,863,30.0,0.0,0.0,1442.591,0
23,1005,0,2,0,1,5.97,5.37,2950,2950,0,0.0,0.0,0.0,0.0,0
24,1005,0,0,0,0,5.97,5.97,3000,3000,0,0.0,0.0,0.0,0.0,0
25,1005,0,1,0,1,5.97,5.37,2950,2950,0,0.0,0.0,0.0,0.0,0
26,1005,2,0,1,0,5.37,5.97,2875,3738,863,30.0,0.0,0.0,1442.591,0
27,1005,0,0,0,0,5.97,5.97,2800,2800,0,0.0,0.0,0.0,0.0,0
28,1005,3,0,1,0,5.97,5.97,2700,3375,675,25.0,0.05,1007.44,1.12,0
29,1005,0,0,0,0,5.97,5.97,2625,2625,0,0.0,0.0,0.0,0.0,0
30,1005,2,1,1,1,5.37,5.37,2550,3315,765,30.0,0.0,0.0,1278.774,0
31,1005,2,0,1,0,5.37,5.97,2500,3250,750,30.0,0.0,0.0,1253.7,0
32,1005,0,0,0,0,5.97,5.97,2450,2450,0,0.0,0.0,0.0,0.0,0
33,1005,0,0,0,0,5.97,5.97,2400,2400,0,0.0,0.0,0.0,0.0,0
34,1005,0,0,0,0,5.97,5.97,2375,2375,0,0.0,0.0,0.0,0.0,0
35,1005,0,2,0,1,5.97,5.37,2350,2350,0,0.0,0.0,0.0,0.0,0
36,1005,0,0,0,0,5.97,5.97,2375,2375,0,0.0,0.0,0.0,0.0,0
37,1005,0,0,0,0,5.97,5.97,2425,2425,0,0.0,0.0,0.0,0.0,0
38,1005,0,1,0,1,5.97,5.37,2500,2500,0,0.0,0.0,0.0,0.0,0
39,1005,0,0,0,0,5.97,5.97,2550,2550,0,0.0,0.0,0.0,0.0,0
40,1005,0,1,0,1,5.97,5.37,2625,2625,0,0.0,0.0,0.0,0.0,0
41,1005,1,0,1,0,5.37,5.97,2700,3105,405,15.0,0.1,1853.68,0.365,0
42,1005,0,0,0,0,5.97,5.97,2750,2750,0,0.0,0.0,0.0,0.0,0
43,1005,0,1,0,1,5.97,5.37,2800,2800,0,0.0,0.0,0.0,0.0,0
44,1005,0,0,0,0,5.97,5.97,2750,2750,0,0.0,0.0,0.0,0.0,0
45,1005,3,0,1,0,5.97,5.97,2700,3375,675,25.0,0.05,1007.44,1.12,0
46,1005,0,0,0,0,5.97,5.97,2625,2625,0,0.0,0.0,0.0,0.0,0
47,1005,0,0,0,0,5.97,5.97,2550,2550,0,0.0,0.0,0.0,0.0,0
48,1005,4,0,1,0,5.97,5.97,2625,2940,315,12.0,0.03,526.55,1.0,0
49,1005,0,1,0,1,5.97,5.37,2700,2700,0,0.0,0.0,0.0,0.0,0
50,1005,3,4,1,1,5.97,5.97,2625,3281,656,25.0,0.05,979.38,1.12,0
51,1005,0,0,0,0,5.97,5.97,2550,2550,0,0.0,0.0,0.0,0.0,0
52,1005,0,0,0,0,5.97,5.97,2500,2500,0,0.0,0.0,0.0,0.0,0
1,1006,0,0,0,0,14.97,14.97,9000,9000,0,0.0,0.0,0.0,0.0,0
2,1006,0,0,0,0,14.97,14.97,8800,8800,0,0.0,0.0,0.0,0.0,0
3,1006,0,0,0,0,14.97,14.97,8700,8700,0,0.0,0.0,0.0,0.0,0
4,1006,0,0,0,0,14.97,14.97,8800,8800,0,0.0,0.0,0.0,0.0,0
5,1006,0,2,0,1,14.97,13.47,9000,9000,0,0.0,0.0,0.0,0.0,0
6,1006,0,0,0,0,14.97,14.97,9200,9200,0,0.0,0.0,0.0,0.0,0
7,1006,0,0,0,0,14.97,14.97,9500,9500,0,0.0,0.0,0.0,0.0,0
8,1006,0,0,0,0,14.97,14.97,9800,9800,0,0.0,0.0,0.0,0.0,0
9,1006,0,0,0,0,14.97,14.97,10000,10000,0,0.0,0.0,0.0,0.0,0
10,1006,0,1,0,1,14.97,13.47,10200,10200,0,0.0,0.0,0.0,0.0,0
11,1006,3,0,1,0,14.97,14.97,10500,13125,2625,25.0,0.05,9824.06,1.12,0
12,1006,0,1,0,1,14.97,13.47,10800,10800,0,0.0,0.0,0.0,0.0,0
13,1006,0,0,0,0,14.97,14.97,11000,11000,0,0.0,0.0,0.0,0.0,0
14,1006,3,0,1,0,14.97,14.97,11200,14000,2800,25.0,0.05,10479.0,1.12,0
15,1006,1,0,1,0,13.47,14.97,11500,13225,1725,15.0,0.1,19797.83,0.365,0
16,1006,0,0,0,0,14.97,14.97,11800,11800,0,0.0,0.0,0.0,0.0,0
17,1006,4,3,1,1,14.97,14.97,12000,13440,1440,12.0,0.03,6035.9,1.0,1
18,1006,0,0,0,0,14.97,14.97,12200,12200,0,0.0,0.0,0.0,0.0,0
19,1006,2,0,1,0,13.47,14.97,12500,16250,3750,30.0,0.0,0.0,15718.5,0
20,1006,0,0,0,0,14.97,14.97,12800,12800,0,0.0,0.0,0.0,0.0,0
21,1006,0,1,0,1,14.97,13.47,13000,13000,0,0.0,0.0,0.0,0.0,0
22,1006,0,0,0,0,14.97,14.97,12800,12800,0,0.0,0.0,0.0,0.0,0
23,1006,0,0,0,0,14.97,14.97,12500,12500,0,0.0,0.0,0.0,0.0,0
24,1006,0,0,0,0,14.97,14.97,12200,12200,0,0.0,0.0,0.0,0.0,0
25,1006,0,0,0,0,14.97,14.97,12000,12000,0,0.0,0.0,0.0,0.0,0
26,1006,0,0,0,0,14.97,14.97,11800,11800,0,0.0,0.0,0.0,0.0,0
27,1006,0,3,0,1,14.97,14.97,11500,11500,0,0.0,0.0,0.0,0.0,0
28,1006,0,0,0,0,14.97,14.97,11200,11200,0,0.0,0.0,0.0,0.0,0
29,1006,3,0,1,0,14.97,14.97,11000,13750,2750,25.0,0.05,10291.88,1.12,0
30,1006,0,0,0,0,14.97,14.97,10800,10800,0,0.0,0.0,0.0,0.0,0
31,1006,3,0,1,0,14.97,14.97,10500,13125,2625,25.0,0.05,9824.06,1.12,0
32,1006,0,1,0,1,14.97,13.47,10200,10200,0,0.0,0.0,0.0,0.0,0
33,1006,0,1,0,1,14.97,13.47,10000,10000,0,0.0,0.0,0.0,0.0,0
34,1006,0,1,0,1,14.97,13.47,9800,9800,0,0.0,0.0,0.0,0.0,0
35,1006,0,0,0,0,14.97,14.97,9500,9500,0,0.0,0.0,0.0,0.0,0
36,1006,0,4,0,1,14.97,14.97,9200,9200,0,0.0,0.0,0.0,0.0,0
37,1006,0,0,0,0,14.97,14.97,9000,9000,0,0.0,0.0,0.0,0.0,0
38,1006,0,4,0,1,14.97,14.97,8800,8800,0,0.0,0.0,0.0,0.0,0
39,1006,1,2,1,1,13.47,13.47,8700,10005,1305,15.0,0.1,14977.49,0.365,0
40,1006,1,1,1,1,13.47,13.47,8800,10120,1320,15.0,0.1,15149.64,0.365,0
41,1006,0,3,0,1,14.97,14.97,9000,9000,0,0.0,0.0,0.0,0.0,0
42,1006,2,0,1,0,13.47,14.97,9200,11960,2760,30.0,0.0,0.0,11568.816,0
43,1006,0,0,0,0,14.97,14.97,9500,9500,0,0.0,0.0,0.0,0.0,0
44,1006,0,0,0,0,14.97,14.97,9800,9800,0,0.0,0.0,0.0,0.0,0
45,1006,2,0,1,0,13.47,14.97,10000,13000,3000,30.0,0.0,0.0,12574.8,0
46,1006,0,0,0,0,14.97,14.97,10200,10200,0,0.0,0.0,0.0,0.0,0
47,1006,3,0,1,0,14.97,14.97,10500,13125,2625,25.0,0.05,9824.06,1.12,1
48,1006,0,0,0,0,14.97,14.97,10800,10800,0,0.0,0.0,0.0,0.0,0
49,1006,0,0,0,0,14.97,14.97,10500,10500,0,0.0,0.0,0.0,0.0,0
50,1006,0,3,0,1,14.97,14.97,10200,10200,0,0.0,0.0,0.0,0.0,0
51,1006,0,0,0,0,14.97,14.97,9800,9800,0,0.0,0.0,0.0,0.0,0
52,1006,0,0,0,0,14.97,14.97,9500,9500,0,0.0,0.0,0.0,0.0,0
1,1007,0,3,0,1,6.97,6.97,6750,6750,0,0.0,0.0,0.0,0.0,0
2,1007,0,0,0,0,6.97,6.97,6600,6600,0,0.0,0.0,0.0,0.0,0
3,1007,0,0,0,0,6.97,6.97,6525,6525,0,0.0,0.0,0.0,0.0,0
4,1007,1,1,1,1,6.27,6.27,6600,7590,990,15.0,0.1,5290.23,0.365,0
5,1007,0,0,0,0,6.97,6.97,6750,6750,0,0.0,0.0,0.0,0.0,0
6,1007,0,0,0,0,6.97,6.97,6900,6900,0,0.0,0.0,0.0,0.0,0
7,1007,0,0,0,0,6.97,6.97,7125,7125,0,0.0,0.0,0.0,0.0,0
8,1007,0,1,0,1,6.97,6.27,7350,7350,0,0.0,0.0,0.0,0.0,0
9,1007,0,0,0,0,6.97,6.97,7500,7500,0,0.0,0.0,0.0,0.0,0
10,1007,0,0,0,0,6.97,6.97,7650,7650,0,0.0,0.0,0.0,0.0,0
11,1007,0,0,0,0,6.97,6.97,7875,7875,0,0.0,0.0,0.0,0.0,0
12,1007,1,0,1,0,6.27,6.97,8100,9315,1215,15.0,0.1,6492.56,0.365,0
13,1007,0,3,0,1,6.97,6.97,8250,8250,0,0.0,0.0,0.0,0.0,0
14,1007,0,0,0,0,6.97,6.97,8400,8400,0,0.0,0.0,0.0,0.0,0
15,1007,0,0,0,0,6.97,6.97,8625,8625,0,0.0,0.0,0.0,0.0,0
16,1007,0,0,0,0,6.97,6.97,8850,8850,0,0.0,0.0,0.0,0.0,0
17,1007,0,0,0,0,6.97,6.97,9000,9000,0,0.0,0.0,0.0,0.0,0
18,1007,3,1,1,1,6.97,6.27,9150,11438,2288,25.0,0.05,3986.14,1.12,0
19,1007,0,0,0,0,6.97,6.97,9375,9375,0,0.0,0.0,0.0,0.0,0
20,1007,1,0,1,0,6.27,6.97,9600,11040,1440,15.0,0.1,7694.88,0.365,0
21,1007,0,0,0,0,6.97,6.97,9750,9750,0,0.0,0.0,0.0,0.0,0
22,1007,0,1,0,1,6.97,6.27,9600,9600,0,0.0,0.0,0.0,0.0,0
23,1007,0,1,0,1,6.97,6.27,9375,9375,0,0.0,0.0,0.0,0.0,0
24,1007,0,1,0,1,6.97,6.27,9150,9150,0,0.0,0.0,0.0,0.0,0
25,1007,0,1,0,1,6.97,6.27,9000,9000,0,0.0,0.0,0.0,0.0,0
26,1007,0,1,0,1,6.97,6.27,8850,8850,0,0.0,0.0,0.0,0.0,0
27,1007,0,0,0,0,6.97,6.97,8625,8625,0,0.0,0.0,0.0,0.0,0
28,1007,0,0,0,0,6.97,6.97,8400,8400,0,0.0,0.0,0.0,0.0,0
29,1007,2,1,1,1,6.27,6.27,8250,10725,2475,30.0,0.0,0.0,4830.21,0
30,1007,0,0,0,0,6.97,6.97,8100,8100,0,0.0,0.0,0.0,0.0,0
31,1007,3,0,1,0,6.97,6.97,7875,9844,1969,25.0,0.05,3430.63,1.12,0
32,1007,0,0,0,0,6.97,6.97,7650,7650,0,0.0,0.0,0.0,0.0,0
33,1007,0,0,0,0,6.97,6.97,7500,7500,0,0.0,0.0,0.0,0.0,0
34,1007,3,0,1,0,6.97,6.97,7350,9188,1838,25.0,0.05,3202.02,1.12,0
35,1007,1,2,1,1,6.27,6.27,7125,8194,1069,15.0,0.1,5711.22,0.365,0
36,1007,0,0,0,0,6.97,6.97,6900,6900,0,0.0,0.0,0.0,0.0,0
37,1007,0,0,0,0,6.97,6.97,6750,6750,0,0.0,0.0,0.0,0.0,0
38,1007,0,0,0,0,6.97,6.97,6600,6600,0,0.0,0.0,0.0,0.0,0
39,1007,0,0,0,0,6.97,6.97,6525,6525,0,0.0,0.0,0.0,0.0,0
40,1007,0,0,0,0,6.97,6.97,6600,6600,0,0.0,0.0,0.0,0.0,0
41,1007,0,1,0,1,6.97,6.27,6750,6750,0,0.0,0.0,0.0,0.0,0
42,1007,0,0,0,0,6.97,6.97,6900,6900,0,0.0,0.0,0.0,0.0,0
43,1007,0,0,0,0,6.97,6.97,7125,7125,0,0.0,0.0,0.0,0.0,0
44,1007,0,0,0,0,6.97,6.97,7350,7350,0,0.0,0.0,0.0,0.0,0
45,1007,2,0,1,0,6.27,6.97,7500,9750,2250,30.0,0.0,0.0,4391.1,0
46,1007,0,0,0,0,6.97,6.97,7650,7650,0,0.0,0.0,0.0,0.0,0
47,1007,4,0,1,0,6.97,6.97,7875,8820,945,12.0,0.03,1844.26,1.0,1
48,1007,1,1,1,1,6.27,6.27,8100,9315,1215,15.0,0.1,6492.56,0.365,0
49,1007,0,0,0,0,6.97,6.97,7875,7875,0,0.0,0.0,0.0,0.0,0
50,1007,0,0,0,0,6.97,6.97,7650,7650,0,0.0,0.0,0.0,0.0,0
51,1007,0,0,0,0,6.97,6.97,7350,7350,0,0.0,0.0,0.0,0.0,0
52,1007,0,0,0,0,6.97,6.97,7125,7125,0,0.0,0.0,0.0,0.0,0
1,1008,3,4,1,1,9.97,9.97,5500,6875,1375,25.0,0.05,3427.19,1.12,0
2,1008,0,0,0,0,9.97,9.97,5390,5390,0,0.0,0.0,0.0,0.0,0
3,1008,0,0,0,0,9.97,9.97,5335,5335,0,0.0,0.0,0.0,0.0,0
4,1008,0,3,0,1,9.97,9.97,5280,5280,0,0.0,0.0,0.0,0.0,0
5,1008,3,0,1,0,9.97,9.97,5335,6669,1334,25.0,0.05,3324.5,1.12,0
6,1008,1,0,1,0,8.97,9.97,5390,6198,808,15.0,0.1,6179.41,0.365,0
7,1008,3,0,1,0,9.97,9.97,5500,6875,1375,25.0,0.05,3427.19,1.12,0
8,1008,0,4,0,1,9.97,9.97,5610,5610,0,0.0,0.0,0.0,0.0,0
9,1008,0,3,0,1,9.97,9.97,5775,5775,0,0.0,0.0,0.0,0.0,0
10,1008,4,0,1,0,9.97,9.97,5940,6653,713,12.0,0.03,1989.91,1.0,0
11,1008,0,0,0,0,9.97,9.97,6050,6050,0,0.0,0.0,0.0,0.0,0
12,1008,2,1,1,1,8.97,8.97,6160,8008,1848,30.0,0.0,0.0,5158.877,0
13,1008,0,0,0,0,9.97,9.97,6050,6050,0,0.0,0.0,0.0,0.0,0
14,1008,0,0,0,0,9.97,9.97,5940,5940,0,0.0,0.0,0.0,0.0,0
15,1008,0,0,0,0,9.97,9.97,5775,5775,0,0.0,0.0,0.0,0.0,0
16,1008,0,0,0,0,9.97,9.97,5610,5610,0,0.0,0.0,0.0,0.0,0
17,1008,0,0,0,0,9.97,9.97,5500,5500,0,0.0,0.0,0.0,0.0,0
18,1008,1,0,1,0,8.97,9.97,5390,6198,808,15.0,0.1,6179.41,0.365,0
19,1008,0,2,0,1,9.97,8.97,5335,5335,0,0.0,0.0,0.0,0.0,0
20,1008,0,0,0,0,9.97,9.97,5390,5390,0,0.0,0.0,0.0,0.0,0
21,1008,4,0,1,0,9.97,9.97,5500,6160,660,12.0,0.03,1842.46,1.0,0
22,1008,0,0,0,0,9.97,9.97,5610,5610,0,0.0,0.0,0.0,0.0,0
23,1008,0,0,0,0,9.97,9.97,5775,5775,0,0.0,0.0,0.0,0.0,0
24,1008,0,0,0,0,9.97,9.97,5940,5940,0,0.0,0.0,0.0,0.0,0
25,1008,0,0,0,0,9.97,9.97,6050,6050,0,0.0,0.0,0.0,0.0,0
26,1008,0,0,0,0,9.97,9.97,6160,6160,0,0.0,0.0,0.0,0.0,0
27,1008,0,0,0,0,9.97,9.97,6050,6050,0,0.0,0.0,0.0,0.0,0
28,1008,0,0,0,0,9.97,9.97,5940,5940,0,0.0,0.0,0.0,0.0,0
29,1008,1,0,1,0,8.97,9.97,5775,6641,866,15.0,0.1,6621.08,0.365,0
30,1008,2,0,1,0,8.97,9.97,5610,7293,1683,30.0,0.0,0.0,4698.263,0
31,1008,0,0,0,0,9.97,9.97,5500,5500,0,0.0,0.0,0.0,0.0,0
32,1008,0,0,0,0,9.97,9.97,5390,5390,0,0.0,0.0,0.0,0.0,0
33,1008,0,0,0,0,9.97,9.97,5335,5335,0,0.0,0.0,0.0,0.0,0
34,1008,0,0,0,0,9.97,9.97,5280,5280,0,0.0,0.0,0.0,0.0,0
35,1008,1,0,1,0,8.97,9.97,5335,6135,800,15.0,0.1,6116.6,0.365,0
36,1008,0,0,0,0,9.97,9.97,5390,5390,0,0.0,0.0,0.0,0.0,0
37,1008,0,0,0,0,9.97,9.97,5500,5500,0,0.0,0.0,0.0,0.0,0
38,1008,1,0,1,0,8.97,9.97,5610,6451,841,15.0,0.1,6431.65,0.365,0
39,1008,0,0,0,0,9.97,9.97,5775,5775,0,0.0,0.0,0.0,0.0,0
40,1008,0,3,0,1,9.97,9.97,5940,5940,0,0.0,0.0,0.0,0.0,0
41,1008,1,0,1,0,8.97,9.97,6160,7084,924,15.0,0.1,7062.75,0.365,0
42,1008,0,0,0,0,9.97,9.97,6325,6325,0,0.0,0.0,0.0,0.0,0
43,1008,0,0,0,0,9.97,9.97,6490,6490,0,0.0,0.0,0.0,0.0,0
44,1008,0,0,0,0,9.97,9.97,6600,6600,0,0.0,0.0,0.0,0.0,0
45,1008,0,0,0,0,9.97,9.97,6710,6710,0,0.0,0.0,0.0,0.0,0
46,1008,0,3,0,1,9.97,9.97,6875,6875,0,0.0,0.0,0.0,0.0,0
47,1008,0,1,0,1,9.97,8.97,7040,7040,0,0.0,0.0,0.0,0.0,0
48,1008,0,0,0,0,9.97,9.97,7150,7150,0,0.0,0.0,0.0,0.0,0
49,1008,0,0,0,0,9.97,9.97,6875,6875,0,0.0,0.0,0.0,0.0,0
50,1008,4,1,1,1,9.97,8.97,6600,7392,792,12.0,0.03,2210.95,1.0,0
51,1008,0,0,0,0,9.97,9.97,6325,6325,0,0.0,0.0,0.0,0.0,0
52,1008,3,4,1,1,9.97,9.97,6050,7562,1512,25.0,0.05,3769.66,1.12,0
1,1009,0,0,0,0,5.97,5.97,4250,4250,0,0.0,0.0,0.0,0.0,0
2,1009,1,0,1,0,5.37,5.97,4165,4790,625,15.0,0.1,2859.63,0.365,0
3,1009,0,0,0,0,5.97,5.97,4122,4122,0,0.0,0.0,0.0,0.0,0
4,1009,0,0,0,0,5.97,5.97,4080,4080,0,0.0,0.0,0.0,0.0,0
5,1009,0,0,0,0,5.97,5.97,4122,4122,0,0.0,0.0,0.0,0.0,0
6,1009,0,2,0,1,5.97,5.37,4165,4165,0,0.0,0.0,0.0,0.0,0
7,1009,0,3,0,1,5.97,5.97,4250,4250,0,0.0,0.0,0.0,0.0,0
8,1009,0,3,0,1,5.97,5.97,4335,4335,0,0.0,0.0,0.0,0.0,0
9,1009,0,3,0,1,5.97,5.97,4462,4462,0,0.0,0.0,0.0,0.0,0
10,1009,0,0,0,0,5.97,5.97,4590,4590,0,0.0,0.0,0.0,0.0,0
11,1009,0,0,0,0,5.97,5.97,4675,4675,0,0.0,0.0,0.0,0.0,0
12,1009,4,0,1,0,5.97,5.97,4760,5331,571,12.0,0.03,954.78,1.0,0
13,1009,0,0,0,0,5.97,5.97,4675,4675,0,0.0,0.0,0.0,0.0,0
14,1009,0,3,0,1,5.97,5.97,4590,4590,0,0.0,0.0,0.0,0.0,0
15,1009,0,0,0,0,5.97,5.97,4462,4462,0,0.0,0.0,0.0,0.0,0
16,1009,0,1,0,1,5.97,5.37,4335,4335,0,0.0,0.0,0.0,0.0,0
17,1009,0,2,0,1,5.97,5.37,4250,4250,0,0.0,0.0,0.0,0.0,0
18,1009,0,3,0,1,5.97,5.97,4165,4165,0,0.0,0.0,0.0,0.0,0
19,1009,0,0,0,0,5.97,5.97,4122,4122,0,0.0,0.0,0.0,0.0,0
20,1009,0,3,0,1,5.97,5.97,4165,4165,0,0.0,0.0,0.0,0.0,0
21,1009,4,0,1,0,5.97,5.97,4250,4760,510,12.0,0.03,852.52,1.0,0
22,1009,0,0,0,0,5.97,5.97,4335,4335,0,0.0,0.0,0.0,0.0,0
23,1009,1,0,1,0,5.37,5.97,4462,5131,669,15.0,0.1,3063.21,0.365,0
24,1009,0,0,0,0,5.97,5.97,4590,4590,0,0.0,0.0,0.0,0.0,0
25,1009,4,0,1,0,5.97,5.97,4675,5236,561,12.0,0.03,937.77,1.0,0
26,1009,0,0,0,0,5.97,5.97,4760,4760,0,0.0,0.0,0.0,0.0,0
27,1009,0,0,0,0,5.97,5.97,4675,4675,0,0.0,0.0,0.0,0.0,0
28,1009,0,0,0,0,5.97,5.97,4590,4590,0,0.0,0.0,0.0,0.0,0
29,1009,0,0,0,0,5.97,5.97,4462,4462,0,0.0,0.0,0.0,0.0,0
30,1009,0,0,0,0,5.97,5.97,4335,4335,0,0.0,0.0,0.0,0.0,0
31,1009,0,0,0,0,5.97,5.97,4250,4250,0,0.0,0.0,0.0,0.0,0
32,1009,1,0,1,0,5.37,5.97,4165,4790,625,15.0,0.1,2859.63,0.365,0
33,1009,0,2,0,1,5.97,5.37,4122,4122,0,0.0,0.0,0.0,0.0,0
34,1009,0,1,0,1,5.97,5.37,4080,4080,0,0.0,0.0,0.0,0.0,0
35,1009,0,0,0,0,5.97,5.97,4122,4122,0,0.0,0.0,0.0,0.0,0
36,1009,0,0,0,0,5.97,5.97,4165,4165,0,0.0,0.0,0.0,0.0,0
37,1009,0,0,0,0,5.97,5.97,4250,4250,0,0.0,0.0,0.0,0.0,0
38,1009,0,0,0,0,5.97,5.97,4335,4335,0,0.0,0.0,0.0,0.0,0
39,1009,4,0,1,0,5.97,5.97,4462,4997,535,12.0,0.03,894.96,0.999,1
40,1009,0,0,0,0,5.97,5.97,4590,4590,0,0.0,0.0,0.0,0.0,0
41,1009,1,0,1,0,5.37,5.97,4760,5474,714,15.0,0.1,3267.98,0.365,0
42,1009,0,1,0,1,5.97,5.37,4887,4887,0,0.0,0.0,0.0,0.0,0
43,1009,0,0,0,0,5.97,5.97,5015,5015,0,0.0,0.0,0.0,0.0,0
44,1009,0,3,0,1,5.97,5.97,5100,5100,0,0.0,0.0,0.0,0.0,0
45,1009,0,0,0,0,5.97,5.97,5185,5185,0,0.0,0.0,0.0,0.0,0
46,1009,1,0,1,0,5.37,5.97,5312,6109,797,15.0,0.1,3647.07,0.365,0
47,1009,0,0,0,0,5.97,5.97,5440,5440,0,0.0,0.0,0.0,0.0,0
48,1009,0,0,0,0,5.97,5.97,5525,5525,0,0.0,0.0,0.0,0.0,0
49,1009,0,0,0,0,5.97,5.97,5312,5312,0,0.0,0.0,0.0,0.0,0
50,1009,4,0,1,0,5.97,5.97,5100,5712,612,12.0,0.03,1023.02,1.0,0
51,1009,1,0,1,0,5.37,5.97,4887,5620,733,15.0,0.1,3355.14,0.365,0
52,1009,4,0,1,0,5.97,5.97,4675,5236,561,12.0,0.03,937.77,1.0,0
1,1010,0,1,0,1,8.97,8.07,4845,4845,0,0.0,0.0,0.0,0.0,0
2,1010,1,0,1,0,8.07,8.97,4750,5462,712,15.0,0.1,4899.41,0.365,0
3,1010,0,0,0,0,8.97,8.97,4655,4655,0,0.0,0.0,0.0,0.0,0
4,1010,0,0,0,0,8.97,8.97,4608,4608,0,0.0,0.0,0.0,0.0,0
5,1010,0,0,0,0,8.97,8.97,4655,4655,0,0.0,0.0,0.0,0.0,0
6,1010,0,3,0,1,8.97,8.97,4750,4750,0,0.0,0.0,0.0,0.0,0
7,1010,0,0,0,0,8.97,8.97,4845,4845,0,0.0,0.0,0.0,0.0,0
8,1010,0,0,0,0,8.97,8.97,4988,4988,0,0.0,0.0,0.0,0.0,0
9,1010,0,0,0,0,8.97,8.97,5130,5130,0,0.0,0.0,0.0,0.0,0
10,1010,0,0,0,0,8.97,8.97,5225,5225,0,0.0,0.0,0.0,0.0,0
11,1010,1,0,1,0,8.07,8.97,5320,6118,798,15.0,0.1,5487.85,0.365,0
12,1010,3,1,1,1,8.97,8.07,5225,6531,1306,25.0,0.05,2929.15,1.12,0
13,1010,0,4,0,1,8.97,8.97,5130,5130,0,0.0,0.0,0.0,0.0,0
14,1010,0,0,0,0,8.97,8.97,4988,4988,0,0.0,0.0,0.0,0.0,0
15,1010,2,1,1,1,8.07,8.07,4892,6360,1468,30.0,0.0,0.0,3687.029,0
16,1010,0,0,0,0,8.97,8.97,4845,4845,0,0.0,0.0,0.0,0.0,0
17,1010,0,0,0,0,8.97,8.97,4750,4750,0,0.0,0.0,0.0,0.0,0
18,1010,0,0,0,0,8.97,8.97,4655,4655,0,0.0,0.0,0.0,0.0,0
19,1010,0,0,0,0,8.97,8.97,4608,4608,0,0.0,0.0,0.0,0.0,0
20,1010,0,0,0,0,8.97,8.97,4655,4655,0,0.0,0.0,0.0,0.0,0
21,1010,0,0,0,0,8.97,8.97,4750,4750,0,0.0,0.0,0.0,0.0,0
22,1010,4,0,1,0,8.97,8.97,4845,5426,581,12.0,0.03,1460.14,0.999,0
23,1010,0,0,0,0,8.97,8.97,4988,4988,0,0.0,0.0,0.0,0.0,0
24,1010,0,1,0,1,8.97,8.07,5130,5130,0,0.0,0.0,0.0,0.0,0
25,1010,0,0,0,0,8.97,8.97,5225,5225,0,0.0,0.0,0.0,0.0,0
26,1010,0,0,0,0,8.97,8.97,5130,5130,0,0.0,0.0,0.0,0.0,0
27,1010,0,4,0,1,8.97,8.97,4988,4988,0,0.0,0.0,0.0,0.0,0
28,1010,0,0,0,0,8.97,8.97,4845,4845,0,0.0,0.0,0.0,0.0,0
29,1010,0,0,0,0,8.97,8.97,4750,4750,0,0.0,0.0,0.0,0.0,0
30,1010,0,0,0,0,8.97,8.97,4655,4655,0,0.0,0.0,0.0,0.0,0
31,1010,1,4,1,1,8.07,8.97,4608,5299,691,15.0,0.1,4753.2,0.365,0
32,1010,0,1,0,1,8.97,8.07,4655,4655,0,0.0,0.0,0.0,0.0,0
33,1010,0,0,0,0,8.97,8.97,4750,4750,0,0.0,0.0,0.0,0.0,0
34,1010,2,0,1,0,8.07,8.97,4845,6298,1453,30.0,0.0,0.0,3649.355,0
35,1010,0,0,0,0,8.97,8.97,4988,4988,0,0.0,0.0,0.0,0.0,0
36,1010,0,3,0,1,8.97,8.97,5130,5130,0,0.0,0.0,0.0,0.0,0
37,1010,1,0,1,0,8.07,8.97,5225,6009,784,15.0,0.1,5390.07,0.365,0
38,1010,0,0,0,0,8.97,8.97,5320,5320,0,0.0,0.0,0.0,0.0,0
39,1010,0,0,0,0,8.97,8.97,5225,5225,0,0.0,0.0,0.0,0.0,0
40,1010,0,0,0,0,8.97,8.97,5130,5130,0,0.0,0.0,0.0,0.0,0
41,1010,1,0,1,0,8.07,8.97,4988,5736,748,15.0,0.1,5145.19,0.365,0
42,1010,0,0,0,0,8.97,8.97,4845,4845,0,0.0,0.0,0.0,0.0,0
43,1010,0,0,0,0,8.97,8.97,4750,4750,0,0.0,0.0,0.0,0.0,0
44,1010,1,0,1,0,8.07,8.97,4845,5572,727,15.0,0.1,4998.08,0.365,0
45,1010,0,0,0,0,8.97,8.97,4988,4988,0,0.0,0.0,0.0,0.0,0
46,1010,0,0,0,0,8.97,8.97,5130,5130,0,0.0,0.0,0.0,0.0,0
47,1010,1,0,1,0,8.07,8.97,5320,6118,798,15.0,0.1,5487.85,0.365,0
48,1010,0,0,0,0,8.97,8.97,5462,5462,0,0.0,0.0,0.0,0.0,0
49,1010,0,0,0,0,8.97,8.97,5320,5320,0,0.0,0.0,0.0,0.0,0
50,1010,0,0,0,0,8.97,8.97,5225,5225,0,0.0,0.0,0.0,0.0,0
51,1010,0,0,0,0,8.97,8.97,5130,5130,0,0.0,0.0,0.0,0.0,0
52,1010,0,3,0,1,8.97,8.97,4988,4988,0,0.0,0.0,0.0,0.0,0
